{
  "test_name": "P5_A2_PickPlaceDemo_L3toL4",
  "timestamp": "2026-06-09T19:16:53",
  "story": "\u6709\u6545\u4e8b\u7684\u62e3\u653e\u6f14\u793a (\u8d77\u624b\u2192\u6293\u53d6\u4e0a\u65b9\u2192\u6293\u53d6\u2192\u62ac\u5347\u2192\u653e\u7f6e\u2192\u5f52\u96f6)",
  "trajectory": {
    "n_waypoints": 6,
    "waypoint_labels": [
      "\u8d77\u624b\u4f4d (\u96f6\u4f4d)",
      "\u6293\u53d6\u4f4d\u4e0a\u65b9 (\u80a9\u8f6c+\u62ac\u5347)",
      "\u6293\u53d6\u4f4d (\u524d\u4f38\u4e0b\u4fef)",
      "\u62ac\u5347\u5230\u5b89\u5168\u9ad8\u5ea6",
      "\u653e\u7f6e\u4f4d (\u4fa7\u65b9)",
      "\u5f52\u96f6"
    ],
    "waypoints_rad": [
      [
        0.0,
        0.0,
        0.0,
        0.0,
        0.0,
        0.0
      ],
      [
        0.3,
        -0.3,
        0.5,
        0.0,
        0.3,
        0.0
      ],
      [
        0.0,
        -0.5,
        0.8,
        0.0,
        0.5,
        0.0
      ],
      [
        0.0,
        -0.3,
        0.5,
        0.0,
        0.3,
        0.0
      ],
      [
        0.3,
        -0.5,
        0.8,
        0.0,
        0.5,
        0.0
      ],
      [
        0.0,
        0.0,
        0.0,
        0.0,
        0.0,
        0.0
      ]
    ],
    "waypoints_deg": [
      [
        "0.0",
        "0.0",
        "0.0",
        "0.0",
        "0.0",
        "0.0"
      ],
      [
        "17.2",
        "-17.2",
        "28.6",
        "0.0",
        "17.2",
        "0.0"
      ],
      [
        "0.0",
        "-28.6",
        "45.8",
        "0.0",
        "28.6",
        "0.0"
      ],
      [
        "0.0",
        "-17.2",
        "28.6",
        "0.0",
        "17.2",
        "0.0"
      ],
      [
        "17.2",
        "-28.6",
        "45.8",
        "0.0",
        "28.6",
        "0.0"
      ],
      [
        "0.0",
        "0.0",
        "0.0",
        "0.0",
        "0.0",
        "0.0"
      ]
    ],
    "duration_per_waypoint_s": 1.5,
    "total_duration_s": 9.0
  },
  "result": {
    "status": 4,
    "status_meaning": "SUCCEEDED",
    "error_code": 0
  },
  "initial_position_rad": [
    -1.3537765248700773e-07,
    0.011797937424798503,
    -1.6045181721272622e-05,
    0.00023107787022961729,
    0.015024605699839278,
    -4.219343194557212e-11
  ],
  "final_position_rad": [
    -6.470522652262667e-40,
    0.00582001387729623,
    -8.122822679726127e-06,
    0.00011605272739254723,
    0.007585926483334471,
    -2.6666297862504776e-48
  ],
  "final_target_rad": [
    0.0,
    0.0,
    0.0,
    0.0,
    0.0,
    0.0
  ],
  "position_error_rad": [
    6.470522652262667e-40,
    0.00582001387729623,
    8.122822679726127e-06,
    0.00011605272739254723,
    0.007585926483334471,
    2.6666297862504776e-48
  ],
  "position_error_deg": [
    "0.00",
    "0.33",
    "0.00",
    "0.01",
    "0.43",
    "0.00"
  ],
  "samples_n": 180,
  "verdict": "PASS"
}