{
  "test_name": "P5_A2_DirectTrajectory_L3toL4",
  "timestamp": "2026-06-09T16:54:28",
  "trajectory": {
    "n_waypoints": 5,
    "waypoints_rad": [
      [
        0.0,
        0.0,
        0.0,
        0.0,
        0.0,
        0.0
      ],
      [
        0.3,
        -0.3,
        0.5,
        0.0,
        0.3,
        0.0
      ],
      [
        0.0,
        -0.5,
        0.8,
        0.0,
        0.5,
        0.0
      ],
      [
        -0.3,
        -0.3,
        0.5,
        0.0,
        0.3,
        0.0
      ],
      [
        0.0,
        0.0,
        0.0,
        0.0,
        0.0,
        0.0
      ]
    ],
    "waypoints_deg": [
      [
        "0.0",
        "0.0",
        "0.0",
        "0.0",
        "0.0",
        "0.0"
      ],
      [
        "17.2",
        "-17.2",
        "28.6",
        "0.0",
        "17.2",
        "0.0"
      ],
      [
        "0.0",
        "-28.6",
        "45.8",
        "0.0",
        "28.6",
        "0.0"
      ],
      [
        "-17.2",
        "-17.2",
        "28.6",
        "0.0",
        "17.2",
        "0.0"
      ],
      [
        "0.0",
        "0.0",
        "0.0",
        "0.0",
        "0.0",
        "0.0"
      ]
    ],
    "duration_per_waypoint_s": 1.5,
    "total_duration_s": 7.5
  },
  "result": {
    "status": 4,
    "status_meaning": "SUCCEEDED",
    "error_code": 0
  },
  "initial_position_rad": [
    -2.571154197312798e-07,
    0.01154610295883992,
    -1.5598740640026023e-05,
    0.00022537893563250258,
    0.014615345387512092,
    -7.374956976021598e-11
  ],
  "final_position_rad": [
    -7.82837592263128e-36,
    0.00582001387729623,
    -8.122822679726208e-06,
    0.00011605272739254724,
    0.007585926483334471,
    -1.446286613321305e-37
  ],
  "final_target_rad": [
    0.0,
    0.0,
    0.0,
    0.0,
    0.0,
    0.0
  ],
  "position_error_rad": [
    7.82837592263128e-36,
    0.00582001387729623,
    8.122822679726208e-06,
    0.00011605272739254724,
    0.007585926483334471,
    1.446286613321305e-37
  ],
  "position_error_deg": [
    "0.00",
    "0.33",
    "0.00",
    "0.01",
    "0.43",
    "0.00"
  ],
  "samples_n": 150,
  "verdict": "PASS"
}